Stemmed_Tweet,Aspect
tri rismaharini calon gubernur jawa timur prestasi kaleng walikota baik dunia walikota baik dunia people of the year presiden uclgaspac walikota surabaya periode hatta anti,Kinerja
pikir presiden orang bodoh lemah daya mudah setir tukang kayu sarjana bodong no tanggal oktober nikmat jenius presiden main strategi susun,Figur
presiden ri sambut presiden istana merdeka jakarta minggu upacara sambut lantik prabowo subianto presiden gibran rakabuming wakil presiden periode gedung nusantara komplek,Figur
tumbuh ekonomi rakyat fokus daya usaha mikro tengah umkm akses sumber dayaamppeluang ekonomi lapis masyarakat capai kebijakanampprogram dukung tumbuh umkm,Kebijakan
layan publik mudah akses good job kabinet merah putih,Kinerja
moga basmi pasu cacing tanah pasu gondoruwo yg berani mati mulyono kabinet merah putih bangsa bener bersih kuruptor prabowo fokus urus bangsa inienjadi maca,Figur
menkeu dadak dukung ekonomi syariah amp kritik ideologi kapitalisme amp sosialisme sm sdh taubat atu brmuslihat dr faisal lohy kalimat manipulatif wakil munafik kuasa yg pandai kibulin rakyat munafik amp tipu adlah,Kinerja
ombudsman ri rencana strategis awas layan publik rapat dengar dapat rdp agenda sampai rencana strategis kabinet merah putih komisi ii dpr ri gedung nusantara ii dpr ri jakarta pusat senin,Kinerja
wajah oplas rotratretret kabinet obesitas yandri susanto menteri desa bangun daerah tinggal penyalahgunaan fasilitas negara utk urus pribadi dgn kop surat dlm surat nomor ummx perihal undang haul,Kebijakan
pilih presiden republik indonesia prabowo subianto rangkul profesor lingkar kabinet merah putih daftar akademi militer cctv,Figur
layan sehat bagus terima kasih kabinet merah putih,Kinerja
penuh syukur gembira resmi terowongan silaturahmi hubung masjid istiqlal gereja katedral terowongan simbol rukun antarumat agama cermin semangat satu kebhinekaan,Lain-lain
kabinet merah putih dorong bijak ekonomi dukung industri manufaktur nasional,Kinerja
kerja kabinet merah putih top banget bikin indonesia solid sisi moga sukses,Kinerja
sobatani penandatanganan pakta integritas menteri tani selasa salah langkah nyata wujud perintah bersih transparan menteri tani integritas landas utama,Figur
tuju bersih institusi ma mk jaksa polri tni amp kpk krusial prabowo tekan reformasi adil amp antikorupsi setneg bpkp kritik icw komitmen implementasi independensi yudikatif kunci langkah konkret yg,Figur
kabinet merah putih keras tingkat kualitas hidup masyarakat kota desa,Figur
menteri tani andi amran sulaiman menteri bumn dukung sinergi wujud visi presiden prabowo subianto indonesia swasembada pangan cepat lumbung pangan dunia bulog logistik,Figur
rdp perdana komisi ii dpr ri menteri panrb papar program akselerasi kerja kabinet merah putih,Kebijakan
presiden prabowo kabinet merah putih dukung program revitalisasi sektor hutan cipta lapang kerja,Kebijakan
wakil menteri kabinet prabowogibran rangkap jabat komisaris bumn anyar taufik hidayat,Figur
perintah prabowo menteri pakai seragam tentara revisi uu tni tentara megang jabat sipil tentara awas dunia maya tentara masuk kampus militerisme demokrasi tentara larang masuk kampus,Kebijakan
menteri tani tan andi amran sulaiman harga beras premium medium daerah turun harga ecer tinggi het baca ta,Figur
setan kabinet merah putih,Figur
pimpin prabowo subianto kabinet perintah tampil fokus visi butuh masyarakat penuh nyata dekat kolaboratif prabowo hasil hadir kabinet kompak solid,Kinerja
ndut ndut ndut ndut ndut ndut ndut ndut ndut ndut ndut ndut ndut ndut ndut ndut ndut ndut ndut ndut ndut ndut ndut ndut ndut ndut ndut ndut ndut ndut ndut ndut ndut ndut ndut ndut ndut ndut ndut ndut ndut ndut ndut ndut ndut ndut ndut ndut ndut ndut ndut ndut ndut ndut ndut ndut,Lain-lain
paket lengkap wapresnya gibran menteri wamennya cem bahlil budi arie dito giring raffi miftah republik lawak,Figur
presiden prabowo subianto siang panggil menteri kabinet merah putih menteri uang sri mulyani menko ekonomi airlangga hartarto selasa hub,Kinerja
kabinet merah putih kuat sektor logistik lancar distribusi barang wilayah,Figur
nilai ulang ketat meritokrasi murni sumber wikipedia tempo setkab qualified nonmiliterpolri daftar yusril ihza mahendra menko hukum background ahli hukum airlangga hartarto menko ekonomi background ekonom pratikno menko,Kinerja
sobatani rabu menteri tani menteri desa daerah tinggal menandatangani sepakat sinergi gera nasional pangan merahputih tuju jemput cont,Figur
kabinet merah putih kuat hubung bilateral negara dukung tumbuh ekonomi,Kinerja
rapat batas hambalang presiden tekan cepat bangun bandara mitigasi bakar hutan presiden prabowo subianto pimpin rapat batas menteri kabinet merah putih diam pribadi hambalang kabupaten bogor jawa barat jumat,Figur
presiden prabowo subianto ajak menteri kabinet merah putih olahraga sembari dengar testimoni ikut retreat akademi militer akmil magelang,Figur
kabinet merah putih dorong tumbuh ekonomi kreatif peluang kerja kaum muda,Kinerja
gak nyangka tani maju hatur nuhun kabinet merah putih,Figur
presiden prabowo subianto gelar retret jajar kabinet merah putih akademi militer akmil magelang sempat menteri gembleng materi negara perintah,Figur
presiden ri prabowo subianto perintah menterimenterinya manfaat lahan milik izin dialihfungsikan lahan tani kebun kelola negara manfaat lahanlahan milik,Figur
reshuffle orang problematik yg kabinet perintah org jokowi ganggu stabilitas politik henti lambat tito bahlil budi arie pratikno listyo sigit agus subianto budi sadikin,Figur
sobatani tingkat layan informasi publik wamentan dorong unsur lingkung tan kreatif amp inovatif buka layan informasi publik bentuk wujud layan masyarakat,Kinerja
menteri bangun jam subuh kaget prabowo siaga lapang,Figur
kabinet merah putih program lindung sosial jangkau masyarakat rentan,Kebijakan
hasan ulas perihal retreat kabinet merah putih akmil magelang urus dana sepenuh asal kantong prabowo,Figur
acara pimpin langsung presiden ri langkah satu visi pandang kabinet merah putih capai asta cita presiden,Figur
anggar bekal kabinet merah putih kantong pribadi prabowo,Figur
utus kabinet merah putih menteri gabung pan,Figur
sobatani jelang panen raya februari maret menteri tani andi amran sulaiman tekan jaga stabilitas harga gabah serap hasil panen jalan maksimal tan amran normalisasi irigasi pulau jawa,Kinerja
istana kan alas prabowo biaya retret kabinet merah putih anggar pribadi,Figur
kalapas kelas iia samarinda hudi ismono jajar hadir monitoring kesiap satu kerja kementerianlembaga alami transisi kabinet merah putih,Kinerja
prabowo menteri ragu telepon lawat negeri tinggal protokoler feodal,Figur
kabar gembira tani indonesia perintah menteri koordinator bidang pangan amp menteri tani mangkas regulasi nilai lambat alur distribusi pupuk subsidi bijak harap tani cont,Kebijakan
presiden prabowo subianto gelar sidang kabinet paripurna ruang sidang kabinet kantor presiden jakarta hadir wakil presiden gibran rakabuming jajar menteri kabinet merah putih sidang presiden prabowo arah,Figur
perintah era presiden susilo yudhoyono sri jabat menteri uang demo rakyat presiden joko widodo kuasa sri menteri uang demo elemen guru indonesia presiden prabowo kek gitu,Figur
tauketauke oligarki mr anwar indonesia sarang kabinet merah putih,Figur
lawat perdana presiden prabowo subianto negara hasil bawa komitmen investasi asing nila miliar dolar as realisasi komitmen menteri menteri kabinet merah putih gerak cepat anggota,Kinerja
prabowo sikap logis udah ninggalin utang ribu triliun ekonomi yg lemah ngapain lanjutin proyek ambisius mulyono yg gak urgensi,Kinerja
presiden mendagri tito karnavian plt menko polhukam ganti undur presiden terang gedung bale rame kabupaten bandung jawa barat sabtu foto bpmi setpres,Figur
kabinet merah putih bijak perintah dukung sejahtera tani nelayan,Kinerja
tenang allah tenang allah tenang allah tenang allah tenang allah tenang allah tenang allah tenang allah tenang allah tenang allah tenang allah tenang allah tenang allah tenang allah,Lain-lain
mensegneg kerja kabinet merah putih tanggung presiden wakil presiden news,Kinerja
presiden prabowo subianto keluar uang pribadi giat bekal retreat kabinet merah putih akademi militer akmil magelang jawa ungkap menteri lindung kerja migran indonesia kepala badan lindung,Kinerja
menteri tani tan andi amran sulaiman indonesia capai swasembada pangan,Figur
presiden prabowo kabinet merah putih cepat bangun infrastruktur teknologi dukung g,Figur
arah acara retreat kabinet merah putih akademi militer prabowo proyek ikn selesai,Figur
kunjung upaya optimal multistakeholder engagement strategy dukung sukses kerja kabinet merah putih kemensetneg sumber humas kemensetneg,Kinerja
simbol perintah beliau amanat delapan asta cita kabinet merah putih kokoh ideology pancasila kuat bangun sdm indonesia emas tahan,Figur
info wag draft susun kabinet perintah prabowo gibran periode menko bidang ekonomi bahlil lahadalia menko bidang energi investasi lingkung hidup dr hc ir hatta rajasa menko bidang politik hukum aman jend pol purn,Kinerja
program digitalisasi terima kasih kabinet merah putih,Kebijakan
giat kabinet merah putih akmil magelang jajar kabinet ikut senam foto presiden prabowo wapres gibran rakabuming cermin semangat kompak satu kuat kabinet merah putih,Figur
kia,Lain-lain
menteri tani republik indonesia tan ri dr ir andi amran sulaiman mp ungkap lonjak drastis produksi jagung nasional pasca penandatanganan nota paham mou tan ri polri april turut hasil berkat libat,Kinerja
pecat tri ekonomi jokowi rupiah lemah ihsg rontok jalan kaluar naikkin pajak nambah item pajak kendara laku tapera mentrimentri,Kinerja
menteri negeri tito karnavian titik imbang bebas sipil aman nasional otonomi daerah,Figur
prabowo prabowo prabowo prabowo prabowo prabowo prabowo prabowo prabowo prabowo prabowo prabowo prabowo prabowo,Figur
kabinet merah putih komitmen jaga lingkung,Figur
menteri uang kemenkeu klarifikasi nyata anggito kait guna mobil dinas buat negeri maung pakai kendara resmi dinas kabinet merah putih,Figur
alas prabowo pakai dana pribadi biaya retret kabinet merah putih akmil jelas istana,Figur
jajar kabinet merah putih laksana retreat akmil magelang jawa,Figur
jajar menteri kabinet merah putih hadir sidang kabinet paripurna perdana pimpin presiden prabowo subianto wakil presiden gibran rakabuming raka istana merdeka jakarta,Figur
kabinet merah putih semangat sama jalan visi perintah depan wujud bangsa maju adil makmur indonesia emas bentuk pilar maju indonesia,Figur
makan gratis langsung penuh butuh ada jamin gak main orang yg kuasa penuh gizi benarbenar jamin program sustainable plan,Kebijakan
kualitas menteri kabinet merah putih campur aduk kuat menteri alam sri mulyani dukung stabilitas tumbuh ekonomi q surplus pangan lemah ukur kabinet raksasa picu inefisiensi risiko korupsi,Kinerja
presiden prabowo subianto gembleng menteri kabinet merah putih akmil magelang jawa harap buah hasil kerja kabinet,Kinerja
prabowo gibran menteri salam satusatu kepala daerah lantik,Figur
sektor tani maju thanks to kabinet merah putih,Figur
hindar layan maksimal tamu allah presiden prabowo subianto niat bangun kampung haji mek dg fasilitas raja merespon positif pangeran mbs sepakat serah tanah luas hektar konsesi presiden emang top,Kinerja
presiden prabowo imbau kabinet merah putih mobil maung bangga produksi indonesia,Figur
menteri kabinet merah putih terang pers kait paket bijak ekonomi rangka akselerasi tumbuh ekonomi kantor kemenko ekonomi jakarta,Kinerja
menteri uang sri mulyani puji presiden ri prabowo subianto sebut presiden prabowo presiden tutup buku apbn menteri uang sri mulyani indrawati sebut datang,Figur
presiden prabowo subianto puas kerja menteri kabinet merah putih rencana reshuffle nyata resmi agustus sumber jakarta post news pantau umum resmi update baru,Kinerja
menteri kabinet merah putih damping presiden prabowo subianto sambut datang sekretaris jenderal komite sentral partai komunis vietnam pkv t l m serta ng phu o ng ly istana merdeka jakarta,Figur
trs bikin kabinet merahputih,Figur
kabinet merah putih fokus kembang sektor industri orientasi ekspor,Figur
presiden subianto sabtu juli pimpin rapat batas daring tujuh menteri koordinator kabinet merah putih menteri sekretaris negara jelang kunjung negara belgia prancis rapat presiden bahas,Figur
biaya amp kabinet merah putih super gemuk,Figur
electrizen pln sukses hadir listrik andal acara retreat kabinet merah putih akademi militer magelang oktober pln siaga ratus personel aman listrik skema lapis andal,Figur
jajar kabinet merah putih laksana retreat akmil magelang jawa arah presiden ri bekal materi perintah upacara parade senja latih pbb malam akrab olahraga tumbuh motivasi soliditas,Kinerja
tenang tri kabinet merah putih yg urus stritex perintah langsung presiden prabowo,Figur
pasca ott kemenaker ri profesionalitas terap menteri yg strategis sarat potensi utk kuat eksistensi negara presiden seyogyanya tugas profesional bidang ketenagakerjaan kemenaker ri,Kinerja
menteri kabinet merah putih terbang pesawat cj super hercules a milik tni angkat udara tolak akademi militer magelang menteri ikut bekal khusus presiden prabowo subianto,Figur
rutan baturaja ikut focus group discussion fgd penatalaksanaan satker kabinet merah putih lingkup kppn baturaja,Figur
bijak lindung sosial rata bantu terima kasih kabinet merah putih,Figur
presiden prabowo subianto pimpin rapat batas menteri kabinet merah putih diam pribadi hambalang kabupaten bogor jawa barat jumat temu bahas monitor kembang program kerja perintah,Kebijakan
kabinet merah putih prioritas bangun desa daerah tinggal,Figur
kabinet merah putih dukung kembang programprogram daya perempuan sektor ekonomi,Kebijakan
merdeka makna bebas bebas bodoh bebas munafik amp khianat bebas bohong rusak alam pikir bebas jahat manusia korupsi kolusi konspirasi amp nepotisme dar basa basi nyata rasa,Lain-lain
kabinet merah putih bangun infrastruktur ramah lingkung,Figur
kader pikir nyadan duri daging nya kabinet merah putih,Figur
evaluator kabinet merah putih leiden university,Figur
tan lucu ajak raffi milenialkan tani raffi nya bingung petan jg bingung ipb amp fakultas tani yg jd sparing partner amp sumber masuk tan,Lain-lain
maung mobil produksi negeri pt pindad kendara dinas menteri kabinet merah putih,Figur
tafsir sisi bacot fufu fafa ttg yg nyata puncak kibar bendara merah putih udah puncak ri mengibarkn kabinet merah putih smg yg nyata bulu landak lesat fufu fafa mampus lu,Figur
pakai presiden prabowo kendara presiden mobil maung buat pt pindad kendara dinas menteri kabinet merah putih,Figur
komisi v dpr raker menteri kabinet merah putih,Figur
sobat polisi jajar kabinet merah putih laksana retreat akmil magelang jawa bentuk pilar maju indonesia,Figur
top news ungkap prabowo biaya retreat kabinet merah putih uang pribadi,Figur
presiden prabowo kabinet merah putih dorong libat generasi muda ambil putus nasional,Figur
presiden milik alam perintah politik pilih programprogram unggul sekolah rakyat makan gizi gratis koperasi desa chek sehat gratis rumah rakyat pilih atas cepat,Kebijakan
semangat moga kabinet merah putih laksana asta cita indonesia emas bentuk pilar maju indonesia,Figur
presiden prabowo subianto pimpin rapat batas menteri kabinet merah putih hambalang kabupaten bogor bahas cepat hilir nasional sektor strategis,Figur
profil tujuh nasihat khusus presiden prabowo subianto kabinet merah putih periode salah satu dokter militer akademi militer cctv,Figur
turut rapat kerja gelar ajang silaturahmi kenal tugas fungsi komisi v dpr ri menteri kabinet merah putih periode,Kinerja
presiden lanang wapresmu lanang menteri gobloggoblog iku lanang wamen stafsus dominasi lanang tum parpol lanang kapolrimu lanang panglima tnimu lanang opo teh,Figur
baku isap hisap kedaluwarsa kadaluarsa lusin losin impit himpit mangkuk mangkok orisinal orisinil neto netto peduli duli,Lain-lain
prabowo tnipolri berani pakai pangkat jenderal serah nyawa negara,Figur
perintah presiden prabowo lho prabowo,Figur
kabinet merah putih serius tingkat kualitas didik anak hak ilmu,Figur
jokowi kibar bendera perang jokowi arogansi bikin mual kibar bendera perang prabowo manfaat polri pasu pribadi tantang otoritas prabowo terangterangan tni,Figur
sri mulyani indrawati menteri uang rekam jejak kuat reformasi pajak antikorupsi jaga stabilitas ekonomi presiden sby jokowi prabowo aku internasional tarik investasi,Kinerja
sobatani menteri tani ketua komisi iv dpr ri rabu kunjung kerja panen raya kabupaten bantul daerah istimewa yogyakarta sempat tan amran tinjau harga serap gabah tani,Kinerja
selamat tugas letjen tni purn am putranto ssos kepala staff presiden ksp kabinet merah putih moga sehat mudah sukses jalan amanah tugas mulia,Figur
bahasa inggris ga sih paham ga tulis the economist nih gw terjemahin goblok ndasmu here is the translated text mantan komandan pasu khusus kaya raya usia meni putri suharto mantan diktator indonesia,Lain-lain
presiden murid mulyono sukses ubah antartika antarkita pasca kasak kusuk ruang gelap malam tampil juru bicara erick thohir amp boy,Figur
program menteri kabinet merah putih,Kebijakan
maksud mulyani beban negara guru presiden mulyono alias buat hutang ugalan nominasi occrp,Figur
kabinet merah putih bawa pulang semangat magelang,Figur
kawalbersihkan kabinet merah putih eks koruptor cikal koruptor koruptor,Figur
presiden prabowo subianto pimpin rapat batas jajar menteri kabinet merah putih istana merdeka agenda utama rapat bahas cepat bangun koperasi desakelurahan merah putih upaya kuat ekonomi desa pendek,Kinerja
pacu jalurtabola bale goyang istana prabowo turun mimbar hormat,Figur
kabinet merah putih kuat bijak lindung hakhak kerja,Kinerja
gelar rapat batas menteri kabinet merah putih bahas kembang sekolah rakyat operasi ajar terang menteri sosial mang utama sekolah rakyat tambah,Figur
momen pecah seskab teddy amp menteri prabowo joget pacu jalur karokean kongres psi menteri kabinet merah putih kumpul tutup kongres psi solo minggu momen presiden prabowo subianto wapres gibran,Figur
meuh meuh meuh meuh meuh meuh meuh meuh meuh meuh meuh meuh meuh meuh meuh meuh meuh meuh meuh meuh meuh meuh meuh meuh meuh meuh meuh meuh meuh meuh meuh meuh meuh meuh meuh meuh,Lain-lain
ajudan presiden matra tni amp polri tni au kolonel pnb dr anton pallaguna mmoas tni ad kolonel wahyo yuniartoto han tni al letkol p romi habe putra mmds polri kombes pol dr ahrie sonta n,Figur
panglima tni ikut retreat kabinet merah putih magelang bogor,Figur
selamat tim kabinet merah putih prabowo gibran semangat jadi pilar maju indonesia,Figur
menteri koperasi ukm budi arie setiadi langsung tancap gas temu presiden ri joko widodo jokowi hadir reshuffle perdana kabinet merah putih pimpin presiden prabowo subianto langkah cepat budi arie picu spekulasi isu jokowi,Figur
resmi istana negara ikn berani menandatangani pres ibukota negara sih jebak prabowo nama bertandatangan prasasti nama jokowi tanggung resiko prabowo umur hidup,Figur
selamat prabowo resmi presiden gibran resmi presiden kaesang resmi presiden bobby resmi presiden jan ethes resmi presiden,Figur
presiden prabowo gagas langkah taktis jaga ekonomi kuat posisi ri as presiden prabowo subianto gelar rapat batas menteri kabinet merah putih istana merdeka jakarta jumat rapat gelar kepala negara terima,Kinerja
harga maung pindad mobil dinas kabinet merah putih,Figur
presiden prabowo subianto hormat jajar menteri kabinet merah putih guru kepala sekolah rakyat tutup pidato acara bekal jiexpo mayor jakarta jumat baca lengkap ll,Figur
presiden prabowo subianto tinggal akademi militer akmil magelang jawa bekal menteri wakil menteri kabinet merah putih selesai boyong sang mantan ajudan jabat sekretaris kabinet,Figur
wapres pilih gibran sebut susun kabinet perintah prabowogibran sebut andil susun,Figur
kabinet merah putih ikut retreat akmil magelang giat arah presiden latih pbb olahraga tumbuh motivasi soliditas wujud visi indonesia maju adil indonesia emas,Kinerja
presiden langgar sumpah oktober presiden prabowo sumpah pegang teguh undangundang dasar jalan undangundang lantik anggota tni aktif sekertaris kabinet tidakah presiden langgar sumpah,Kebijakan
sektor laut kuat apresiasi kabinet merah putih,Figur
prabowo halo mbak puan puan halo prabowo eh iya halo prabowo prabowo halo mbak puan eh iya halo mbak puan puan halo prabowo prabowo halo puan halo prabowo halo haloo puan halo haloo,Figur
kabinet merah putih bikin energi baru fokus hebat,Figur
ketua mpr ahmad muzani menteri kabinet merah putih beban presiden prabowo subianto,Figur
kabinet merah putih perhati sejahtera tenaga sehat,Figur
senin hadir presiden ri prabowo subianto wakil presiden gibran rakabuming raka menteri kabinet merah putih prabowo musrenbangnas susun rencana dasar realisme konkret,Figur
prabowo alas terap the military way menteri,Figur
kemenhan operasi informasi ruang siber target ancam daulat bangsa,Lain-lain
menteri uang sri mulyani tahan anggar proyek infrastruktur arah presiden prabowo subianto bijak ambil presiden prabowo fokus tahan pangan energi air,Figur
tema tahan pangan kunci cooperative farming koperasi baik irigasi modernisasi tani contract farming operasi kendali harga subsidi pupuk food estate burger king modernisasi tani transplanter geotech data,Lain-lain
senang langkah pks aju menteri profesional prof yassierli panggil diam prabowo subianto senin yassierli guru itb moga fix pilih,Figur
sobatani tan amran terima kasih presiden wakil tani indonesia perhati sektor tani salah satu naik harga beli perintah hpp komoditas gabah amp jagung,Figur
menko menteri kabinet merah putih hadir sidang kabinet paripurna pimpin presiden prabowo subianto momentum tanda evaluasi capai perintah presiden prabowo rencana langkah strategis jelang,Figur
tujuh menteri koordinator menko kabinet merah putih presiden prabowo subianto tambah anggar,Figur
list prajurit tni aktif yg duduk jabat sipil djaka budi utama dirjen bea cukai update purnawirawan eks tim mawar novi helmy prasetya dirut bulog komandan jenderal akademi tni februari teddy indra wijaya sekretaris kabinet,Figur
presiden prabowo pimpin rapat selenggara sekolah rakyat rintis presiden prabowo subianto pimpin rapat batas wakil presiden gibran rakabuming menteri kabinet merah putih istana merdeka jakarta selasa bahas,Figur
syarat kartu identitas ktp kartu berobatuntuk pasien surat kontrol pasien post rawat inap bpjsasuransi kartu identitasktp kartu keluarga kartu bpjsasuransi kartu obat pasien surat kontrol pasien post rawat inap,Lain-lain
presiden umum nama menteri jabat tingkat menteri wakil menteri kabinet merah putih periode minggu istana merdeka jakarta foto humas setkab agg,Figur
sri mulyani bijak paja ppn babi buta seolaholah afirmasi perhati sektor,Lain-lain
ekonomi makro kontaktor proyek imbas bijak tolol akibat turun daya beli kontraktor beli barangbarang perlu operasional proyek kerja proyek,Kinerja
prabowo sorot studi banding pramuka ln mengadaada presiden prabowo perintah jalan efisien programprogram jalan gtgt,Kebijakan
ekonomi udah berat perintah mikir majakin rakyat udah gila lu mentrimentri ekonomi kabinet presiden lu bikin negara rusuh presiden tuju putus mentrimentri,Kinerja
sobatani menteri tani menteri kerja dody hanggodo serta jajar laksana rapat koordinasi optimalisasi manfaat bendung irigasi tani jumat kantor pusat menteri tani jakarta,Kinerja
kabinet merah putih dukung program tahan pangan modernisasi sistem tani,Kebijakan
kpk jabat kabinet merah putih lapor lhkpn baca,Figur
selamat semangat jajar kabinet merah putih jalan misi perintah moga cadas indonesia emas,Figur
efesiensi anggar prabowo ajar vietnam pangkas karyawan pegawai lembaga prabowo lembaga tambah hitung kepala badan menteri wakil,Figur
telusur kritis aktivitas hidup manusia lahir mati pajak kena pungut negara buat bentuk kerangka hidup lengkap lahir akta lahir biaya administrasipungutan kartu,Lain-lain
anggota kabinet merah putih mayoritas kpruptor,Figur
perhati didik vokasi buka peluang generasi muda prabowo inspektur upacara simbol pihak,Figur
ikn butuh t negara mati penuh unk beli pesawat bekas yg batal utang program makan siang gratis yg t kalo anda sri mulyani mundur dukung yg ganti masak nikita,Kebijakan
mudarat kabinet prabowo menteri kabinet perintah prabowo subianto kisar dpr tetap komisi alat lengkap dewan akd sesuai menteri kabinet prabowo senin selasa besok,Figur
kabinet merah putih kuat sektor didik tingkat kualitas tenaga ajar,Figur
komisi berantas korupsi kpk jabat kabinet merah putih lapor lapor hasil kaya selenggara negara lhkpn lt,Kinerja
menteri kabinet merah putih keras wujud visi misi presiden,Figur
presiden prabowo subianto gelar rapat batas menteri kabinet merah putih diam pribadi hambalang kabupaten bogor jawa barat bahas langkahlangkah strategis tata lahan kait kebun,Figur
daftar valid sungguh yg kecewa rezim prabowo perempuan disgusting patriark menkeunya kredibel nasib ri kayak argentina menteri ikan amsyong,Figur
kabinet merah putih fokus lindung lingkung bijak dukung lanjut alam,Figur
kaderkader partai amanat nasional pan anggota kabinet merah putih pimpin presiden prabowo subianto masuk susun urus pan periode ll,Figur
presiden prabowo kabinet merah putih komitmen kuat daulat pangan bijak dukung tani,Figur
tanimin condong masalah solusi konkret butuh tani pak ana inti solusi sinergi dinas tani perintah tani tahu infrastruktur alat tani,Lain-lain
si dino kmaren ken masuk kabinet merah putih tpi telpon yg ngubungi orang ngalami stress boss,Figur
lulus akmil lembah tidar semangat kabinet merah putih kobar duduk rendah diri beda koalisi amp,Figur
sri mulyani sbg menteri uang indonesia menteri uang era presiden ri menteri uang masa percaya periode jabat menteri uang periode percaya paday presiden,Figur
